{
    "dataset": {
        "name": "CIL",
        "label_name": "neuron",
        "indices": [
            5
        ]
    },
    "individual": {
        "sequence": "[[0, 0, 0, 0, 0], [0, 0, 0, 0, 0], [28, 1, 0, 47, 29], [15, 0, 0, 217, 172], [20, 0, 3, 159, 79], [8, 3, 2, 24, 213], [22, 2, 4, 136, 11], [32, 6, 1, 204, 227], [23, 5, 3, 143, 153], [31, 8, 4, 31, 36], [36, 7, 5, 73, 254], [0, 1, 4, 140, 230], [26, 10, 11, 164, 206], [8, 8, 0, 208, 207], [21, 4, 7, 7, 253], [0, 6, 8, 196, 180], [20, 5, 0, 248, 253], [4, 5, 6, 174, 58], [31, 12, 13, 107, 2], [27, 15, 8, 200, 237], [7, 0, 18, 37, 185], [20, 9, 12, 250, 187], [31, 0, 3, 51, 117], [12, 19, 2, 216, 101], [24, 6, 14, 35, 142], [37, 17, 22, 90, 206], [39, 20, 25, 226, 246], [24, 1, 15, 164, 116], [27, 17, 10, 5, 160], [29, 17, 8, 126, 192], [5, 24, 10, 139, 231], [9, 30, 18, 132, 169], [0, 29, 0, 0, 0], [0, 17, 0, 0, 0]]",
        "fitness": {
            "fitness": 0.7368420958518982,
            "time": 0.032007455825805664
        }
    },
    "decoding": {
        "metadata": {
            "rows": 1,
            "columns": 30,
            "n_in": 2,
            "n_out": 2,
            "n_para": 2,
            "n_conn": 2
        },
        "functions": [
            "max",
            "min",
            "mean",
            "add",
            "subtract",
            "bitwise_not",
            "bitwise_or",
            "bitwise_and",
            "bitwise_and_mask",
            "bitwise_xor",
            "sqrt",
            "pow2",
            "exp",
            "log",
            "median_blur",
            "gaussian_blur",
            "laplacian",
            "sobel",
            "robert_cross",
            "canny",
            "sharpen",
            "gabor",
            "abs_diff",
            "abs_diff2",
            "fluo_tophat",
            "rel_diff",
            "erode",
            "dilate",
            "open",
            "close",
            "morph_gradient",
            "morph_tophat",
            "morph_blackhat",
            "fill_holes",
            "remove_small_objects",
            "remove_small_holes",
            "threshold",
            "threshold_at_1",
            "distance_transform",
            "distance_transform_and_thresh",
            "inrange_bin",
            "inrange"
        ],
        "endpoint": {
            "name": "Marker-Based Watershed",
            "abbv": "WSHD",
            "arity": 2,
            "args": 0,
            "kwargs": {
                "use_dt": false,
                "markers_distance": 21,
                "markers_area": null
            }
        },
        "mode": "default"
    }
}