{
    "dataset": {
        "name": "CIL",
        "label_name": "neuron",
        "indices": [
            1
        ]
    },
    "individual": {
        "sequence": "[[0, 0, 0, 0, 0], [0, 0, 0, 0, 0], [35, 0, 1, 200, 182], [11, 1, 1, 58, 177], [35, 2, 2, 138, 73], [27, 1, 0, 107, 183], [27, 3, 0, 112, 32], [30, 2, 6, 149, 204], [35, 5, 6, 12, 20], [2, 8, 7, 163, 241], [12, 8, 1, 51, 244], [20, 5, 1, 81, 121], [3, 0, 0, 104, 135], [32, 4, 6, 109, 15], [0, 7, 4, 230, 3], [23, 12, 13, 104, 49], [13, 10, 9, 111, 198], [38, 13, 6, 201, 221], [0, 12, 0, 67, 90], [1, 2, 10, 191, 224], [11, 17, 11, 248, 118], [6, 20, 2, 193, 51], [23, 13, 3, 232, 10], [11, 9, 4, 238, 193], [4, 13, 3, 94, 70], [15, 13, 15, 126, 56], [6, 20, 23, 86, 170], [31, 0, 26, 78, 122], [29, 25, 6, 2, 141], [9, 18, 9, 6, 237], [11, 18, 26, 70, 249], [29, 21, 4, 244, 140], [0, 30, 0, 0, 0], [0, 3, 0, 0, 0]]",
        "fitness": {
            "fitness": 0.19471153418223064,
            "time": 0.004924742380777994
        }
    },
    "decoding": {
        "metadata": {
            "rows": 1,
            "columns": 30,
            "n_in": 2,
            "n_out": 2,
            "n_para": 2,
            "n_conn": 2
        },
        "functions": [
            "max",
            "min",
            "mean",
            "add",
            "subtract",
            "bitwise_not",
            "bitwise_or",
            "bitwise_and",
            "bitwise_and_mask",
            "bitwise_xor",
            "sqrt",
            "pow2",
            "exp",
            "log",
            "median_blur",
            "gaussian_blur",
            "laplacian",
            "sobel",
            "robert_cross",
            "canny",
            "sharpen",
            "gabor",
            "abs_diff",
            "abs_diff2",
            "fluo_tophat",
            "rel_diff",
            "erode",
            "dilate",
            "open",
            "close",
            "morph_gradient",
            "morph_tophat",
            "morph_blackhat",
            "fill_holes",
            "remove_small_objects",
            "remove_small_holes",
            "threshold",
            "threshold_at_1",
            "distance_transform",
            "distance_transform_and_thresh",
            "inrange_bin",
            "inrange"
        ],
        "endpoint": {
            "name": "Marker-Based Watershed",
            "abbv": "WSHD",
            "arity": 2,
            "args": 0,
            "kwargs": {
                "use_dt": false,
                "markers_distance": 21,
                "markers_area": null
            }
        },
        "mode": "default"
    }
}