{
    "dataset": {
        "name": "CIL",
        "label_name": "neuron",
        "indices": [
            1
        ]
    },
    "individual": {
        "sequence": "[[0, 0, 0, 0, 0], [0, 0, 0, 0, 0], [14, 1, 1, 75, 76], [18, 0, 2, 234, 239], [30, 3, 2, 191, 33], [19, 1, 3, 63, 144], [34, 2, 2, 114, 162], [29, 3, 5, 87, 84], [32, 4, 1, 116, 86], [10, 0, 3, 165, 190], [37, 6, 1, 177, 30], [27, 2, 3, 64, 105], [11, 2, 2, 200, 103], [38, 12, 3, 204, 119], [21, 6, 6, 128, 128], [10, 4, 12, 7, 85], [33, 0, 14, 219, 249], [15, 13, 12, 141, 161], [27, 2, 6, 63, 213], [1, 7, 6, 245, 4], [1, 15, 12, 250, 106], [40, 2, 19, 168, 152], [14, 16, 7, 1, 77], [23, 0, 18, 152, 96], [33, 5, 3, 23, 58], [34, 17, 21, 220, 93], [1, 25, 0, 195, 187], [21, 25, 12, 196, 20], [1, 27, 13, 211, 90], [34, 11, 24, 209, 234], [12, 9, 12, 104, 164], [2, 4, 6, 33, 21], [0, 3, 0, 0, 0], [0, 20, 0, 0, 0]]",
        "fitness": {
            "fitness": 0.6428537014871836,
            "time": 0.03112131357192993
        }
    },
    "decoding": {
        "metadata": {
            "rows": 1,
            "columns": 30,
            "n_in": 2,
            "n_out": 2,
            "n_para": 2,
            "n_conn": 2
        },
        "functions": [
            "max",
            "min",
            "mean",
            "add",
            "subtract",
            "bitwise_not",
            "bitwise_or",
            "bitwise_and",
            "bitwise_and_mask",
            "bitwise_xor",
            "sqrt",
            "pow2",
            "exp",
            "log",
            "median_blur",
            "gaussian_blur",
            "laplacian",
            "sobel",
            "robert_cross",
            "canny",
            "sharpen",
            "gabor",
            "abs_diff",
            "abs_diff2",
            "fluo_tophat",
            "rel_diff",
            "erode",
            "dilate",
            "open",
            "close",
            "morph_gradient",
            "morph_tophat",
            "morph_blackhat",
            "fill_holes",
            "remove_small_objects",
            "remove_small_holes",
            "threshold",
            "threshold_at_1",
            "distance_transform",
            "distance_transform_and_thresh",
            "inrange_bin",
            "inrange"
        ],
        "endpoint": {
            "name": "Marker-Based Watershed",
            "abbv": "WSHD",
            "arity": 2,
            "args": 0,
            "kwargs": {
                "use_dt": false,
                "markers_distance": 21,
                "markers_area": null
            }
        },
        "mode": "default"
    }
}