{
    "dataset": {
        "name": "CIL",
        "label_name": "neuron",
        "indices": [
            65
        ]
    },
    "individual": {
        "sequence": "[[0, 0, 0, 0, 0], [0, 0, 0, 0, 0], [24, 1, 1, 227, 34], [38, 2, 0, 69, 47], [13, 2, 0, 10, 231], [6, 3, 4, 24, 215], [5, 0, 3, 100, 76], [11, 6, 0, 30, 250], [13, 4, 6, 112, 167], [35, 8, 2, 139, 138], [30, 5, 7, 31, 204], [16, 10, 7, 192, 107], [11, 7, 10, 57, 99], [31, 1, 9, 181, 105], [11, 1, 3, 90, 255], [20, 9, 4, 237, 216], [27, 11, 14, 48, 141], [32, 2, 6, 39, 174], [9, 16, 6, 143, 34], [21, 17, 1, 167, 166], [41, 5, 8, 30, 179], [3, 3, 1, 47, 161], [41, 12, 14, 150, 204], [41, 4, 4, 219, 173], [38, 2, 21, 241, 65], [39, 15, 9, 69, 13], [14, 23, 18, 54, 187], [13, 20, 18, 99, 109], [25, 7, 16, 63, 200], [13, 16, 7, 91, 221], [20, 11, 17, 235, 199], [26, 6, 2, 189, 232], [0, 27, 0, 0, 0], [0, 8, 0, 0, 0]]",
        "fitness": {
            "fitness": 0.9029126241803169,
            "time": 0.0417017936706543
        }
    },
    "decoding": {
        "metadata": {
            "rows": 1,
            "columns": 30,
            "n_in": 2,
            "n_out": 2,
            "n_para": 2,
            "n_conn": 2
        },
        "functions": [
            "max",
            "min",
            "mean",
            "add",
            "subtract",
            "bitwise_not",
            "bitwise_or",
            "bitwise_and",
            "bitwise_and_mask",
            "bitwise_xor",
            "sqrt",
            "pow2",
            "exp",
            "log",
            "median_blur",
            "gaussian_blur",
            "laplacian",
            "sobel",
            "robert_cross",
            "canny",
            "sharpen",
            "gabor",
            "abs_diff",
            "abs_diff2",
            "fluo_tophat",
            "rel_diff",
            "erode",
            "dilate",
            "open",
            "close",
            "morph_gradient",
            "morph_tophat",
            "morph_blackhat",
            "fill_holes",
            "remove_small_objects",
            "remove_small_holes",
            "threshold",
            "threshold_at_1",
            "distance_transform",
            "distance_transform_and_thresh",
            "inrange_bin",
            "inrange"
        ],
        "endpoint": {
            "name": "Marker-Based Watershed",
            "abbv": "WSHD",
            "arity": 2,
            "args": 0,
            "kwargs": {
                "use_dt": false,
                "markers_distance": 21,
                "markers_area": null
            }
        },
        "mode": "default"
    }
}