{
    "dataset": {
        "name": "CIL",
        "label_name": "neuron",
        "indices": [
            9
        ]
    },
    "individual": {
        "sequence": "[[0, 0, 0, 0, 0], [0, 0, 0, 0, 0], [11, 1, 0, 17, 42], [25, 2, 2, 176, 131], [0, 3, 0, 250, 36], [38, 4, 1, 247, 151], [2, 3, 1, 49, 19], [2, 1, 3, 117, 34], [17, 7, 0, 238, 99], [6, 8, 8, 245, 54], [22, 7, 7, 116, 242], [2, 0, 9, 147, 224], [36, 1, 2, 36, 245], [31, 0, 4, 145, 153], [23, 6, 12, 243, 228], [6, 2, 9, 69, 230], [16, 9, 4, 45, 198], [27, 9, 1, 215, 130], [33, 4, 7, 200, 45], [26, 17, 15, 148, 227], [20, 7, 9, 218, 218], [28, 3, 10, 20, 245], [28, 14, 2, 100, 169], [37, 3, 20, 20, 88], [35, 13, 18, 24, 146], [29, 13, 4, 147, 28], [20, 13, 17, 233, 33], [27, 11, 12, 122, 253], [0, 19, 4, 45, 10], [22, 17, 13, 48, 15], [24, 28, 3, 5, 193], [30, 6, 17, 102, 0], [0, 13, 0, 0, 0], [0, 2, 0, 0, 0]]",
        "fitness": {
            "fitness": 0.22641509771347046,
            "time": 0.0072422027587890625
        }
    },
    "decoding": {
        "metadata": {
            "rows": 1,
            "columns": 30,
            "n_in": 2,
            "n_out": 2,
            "n_para": 2,
            "n_conn": 2
        },
        "functions": [
            "max",
            "min",
            "mean",
            "add",
            "subtract",
            "bitwise_not",
            "bitwise_or",
            "bitwise_and",
            "bitwise_and_mask",
            "bitwise_xor",
            "sqrt",
            "pow2",
            "exp",
            "log",
            "median_blur",
            "gaussian_blur",
            "laplacian",
            "sobel",
            "robert_cross",
            "canny",
            "sharpen",
            "gabor",
            "abs_diff",
            "abs_diff2",
            "fluo_tophat",
            "rel_diff",
            "erode",
            "dilate",
            "open",
            "close",
            "morph_gradient",
            "morph_tophat",
            "morph_blackhat",
            "fill_holes",
            "remove_small_objects",
            "remove_small_holes",
            "threshold",
            "threshold_at_1",
            "distance_transform",
            "distance_transform_and_thresh",
            "inrange_bin",
            "inrange"
        ],
        "endpoint": {
            "name": "Marker-Based Watershed",
            "abbv": "WSHD",
            "arity": 2,
            "args": 0,
            "kwargs": {
                "use_dt": false,
                "markers_distance": 21,
                "markers_area": null
            }
        },
        "mode": "default"
    }
}